{
  "jokes":[
    {
      "path":"data\/joke-dataset",
      "filename":"reddit_jokes",
      "type":"json",
      "textTerm":"title,body",
      "scoreTerm":"score",
      "concat":";"
    },
    {
      "path":"data\/joke-dataset",
      "filename":"stupidstuff",
      "type":"json",
      "textTerm":"body",
      "scoreTerm":"rating"
    },
    {
      "path":"data\/joke-dataset",
      "filename":"wocka",
      "type":"json",
      "textTerm":"body"
    },
    {
      "path":"data\/joke-dataset2",
      "filename":"humorous_oneliners",
      "type":"pickle"
    },
    {
      "path":"data\/joke-dataset2",
      "filename":"oneliners_incl_doubles",
      "type":"pickle"
    },
    {
      "path":"data",
      "filename":"jokes",
      "type":"csv",
      "textTerm":"Question,Answer",
      "concat":";"
    },
    {
      "path":"data",
      "filename":"shortjokes",
      "type":"csv",
      "textTerm":"Joke",
      "concat":";"
    }
  ],
  "notJokes":[
    {
      "path":"data\/joke-dataset2",
      "filename":"proverbs",
      "type":"pickle",
      "textTerm":"",
      "scoreTerm":"",
      "concat":""
    },
    {
      "path":"data\/joke-dataset2",
      "filename":"reuters_headlines",
      "type":"pickle"
    },
    {
      "path":"data\/joke-dataset2",
      "filename":"wiki_sentences",
      "type":"pickle"
    },
    {
      "path":"data\/joke-dataset2",
      "filename":"splitabcaa",
      "type":"csv",
      "textTerm":"headline_text"
    }
  ]
}